ID_Transazione,Data,Prodotto,Prezzo,Quantit√†
1,2023-01-01 00:00:00,Monitor,701.1800968795477,4
2,2023-01-01 01:00:00,Tastiera,540.7354026806792,2
3,2023-01-01 02:00:00,Laptop,316.4323401234645,2
4,2023-01-01 03:00:00,Monitor,815.6570695098792,4
5,2023-01-01 04:00:00,Monitor,687.8838608283405,1
6,2023-01-01 05:00:00,Tastiera,170.9907699514424,1
7,2023-01-01 06:00:00,Laptop,911.8179126489041,2
8,2023-01-01 07:00:00,Laptop,824.3118704939372,1
9,2023-01-01 08:00:00,Monitor,950.3019141590048,4
10,2023-01-01 09:00:00,Mouse,728.4623133044764,1
11,2023-01-01 10:00:00,Monitor,617.281043976432,2
12,2023-01-01 11:00:00,Monitor,424.0606059277127,4
13,2023-01-01 12:00:00,Monitor,933.4011985204731,1
14,2023-01-01 13:00:00,Monitor,867.4032506054043,3
15,2023-01-01 14:00:00,Tastiera,54.76648340512752,4
16,2023-01-01 15:00:00,Laptop,36.103304752279485,4
17,2023-01-01 16:00:00,Tastiera,382.6987332092691,3
18,2023-01-01 17:00:00,Tastiera,812.4477974740146,3
19,2023-01-01 18:00:00,Tastiera,987.403368021795,4
20,2023-01-01 19:00:00,Monitor,158.9127221924929,3
21,2023-01-01 20:00:00,Mouse,598.1894081986138,-1
22,2023-01-01 21:00:00,Laptop,387.0819480647113,2
23,2023-01-01 22:00:00,Mouse,970.2152538364571,2
24,2023-01-01 23:00:00,Tastiera,843.6977339043516,4
25,2023-01-02 00:00:00,Tastiera,839.9454176640264,3
26,2023-01-02 01:00:00,Mouse,474.00622819702056,3
27,2023-01-02 02:00:00,Mouse,420.6713073142885,1
28,2023-01-02 03:00:00,Mouse,280.6730012113992,1
29,2023-01-02 04:00:00,Tastiera,65.81174168441785,3
30,2023-01-02 05:00:00,Tastiera,866.0751524925026,3
31,2023-01-02 06:00:00,Laptop,814.7719990387768,3
32,2023-01-02 07:00:00,Laptop,999.7204965532693,4
33,2023-01-02 08:00:00,Tastiera,996.6704687031663,3
34,2023-01-02 09:00:00,Mouse,559.8773885466012,1
35,2023-01-02 10:00:00,Mouse,771.2975410287054,4
36,2023-01-02 11:00:00,Laptop,945.3180725836038,3
37,2023-01-02 12:00:00,Tastiera,851.1509167706373,1
38,2023-01-02 13:00:00,Laptop,254.87462072576568,4
39,2023-01-02 14:00:00,Laptop,456.0386939569926,3
40,2023-01-02 15:00:00,Monitor,137.86782099998004,3
41,2023-01-02 16:00:00,Monitor,954.5105169861351,3
42,2023-01-02 17:00:00,Monitor,610.1128881063712,4
43,2023-01-02 18:00:00,Mouse,236.3563774484281,1
44,2023-01-02 19:00:00,Tastiera,674.9836775617981,1
45,2023-01-02 20:00:00,Tastiera,621.9469580533168,2
46,2023-01-02 21:00:00,Tastiera,364.5810908525121,3
47,2023-01-02 22:00:00,Tastiera,122.42201627763274,2
48,2023-01-02 23:00:00,Monitor,674.8574636368716,2
49,2023-01-03 00:00:00,Mouse,525.1046238947554,1
50,2023-01-03 01:00:00,Mouse,774.5952078182829,4
51,2023-01-03 02:00:00,Monitor,524.9618661008734,4
52,2023-01-03 03:00:00,Mouse,853.6596853153547,1
53,2023-01-03 04:00:00,Monitor,556.3877703867407,4
54,2023-01-03 05:00:00,Tastiera,565.3285918200324,2
55,2023-01-03 06:00:00,Monitor,877.8870666317616,3
56,2023-01-03 07:00:00,Tastiera,409.44803755027306,1
57,2023-01-03 08:00:00,Tastiera,142.67507616613432,3
58,2023-01-03 09:00:00,Laptop,38.494849550205586,4
59,2023-01-03 10:00:00,Monitor,757.5858831168828,3
60,2023-01-03 11:00:00,Laptop,624.10645583993,4
61,2023-01-03 12:00:00,Monitor,707.0389704182313,4
62,2023-01-03 13:00:00,Monitor,220.83451989382164,2
63,2023-01-03 14:00:00,Laptop,145.00776083090207,4
64,2023-01-03 15:00:00,Laptop,24.399219011203108,2
65,2023-01-03 16:00:00,Monitor,357.081683218531,2
66,2023-01-03 17:00:00,Mouse,594.0185099860868,2
67,2023-01-03 18:00:00,Tastiera,398.321604648735,1
68,2023-01-03 19:00:00,Laptop,443.1001728034918,1
69,2023-01-03 20:00:00,Tastiera,905.117107548811,4
70,2023-01-03 21:00:00,Mouse,,2
71,2023-01-03 22:00:00,Mouse,518.8495942682127,1
72,2023-01-03 23:00:00,Mouse,785.8164826137316,2
73,2023-01-04 00:00:00,Laptop,402.57735449805745,3
74,2023-01-04 01:00:00,Mouse,625.8658332255948,3
75,2023-01-04 02:00:00,Laptop,863.7400716592778,3
76,2023-01-04 03:00:00,Mouse,950.0254174210656,4
77,2023-01-04 04:00:00,Tastiera,155.60274611974756,2
78,2023-01-04 05:00:00,Tastiera,927.3217489098795,3
79,2023-01-04 06:00:00,Monitor,497.1951301487428,1
80,2023-01-04 07:00:00,Tastiera,265.6619444159688,3
81,2023-01-04 08:00:00,Monitor,464.5443986758787,3
82,2023-01-04 09:00:00,Tastiera,980.2322495326223,-1
83,2023-01-04 10:00:00,Laptop,497.6919130529409,4
84,2023-01-04 11:00:00,Tastiera,335.46409418463315,1
85,2023-01-04 12:00:00,Monitor,637.0668457735585,2
86,2023-01-04 13:00:00,Monitor,247.74416259041115,1
87,2023-01-04 14:00:00,Mouse,85.10469482757728,2
88,2023-01-04 15:00:00,Laptop,137.59092469154274,4
89,2023-01-04 16:00:00,Tastiera,136.7653805681947,4
90,2023-01-04 17:00:00,Mouse,160.3836665771714,4
91,2023-01-04 18:00:00,Tastiera,147.43890092291605,4
92,2023-01-04 19:00:00,Tastiera,644.4659973551825,2
93,2023-01-04 20:00:00,Mouse,190.06128355515338,3
94,2023-01-04 21:00:00,Mouse,352.21061049062456,2
95,2023-01-04 22:00:00,Mouse,897.8205258069518,1
96,2023-01-04 23:00:00,Mouse,479.2220238602436,4
97,2023-01-05 00:00:00,Mouse,670.8821611358169,4
98,2023-01-05 01:00:00,Tastiera,180.59667248961352,1
99,2023-01-05 02:00:00,Mouse,200.36612862058408,2
100,2023-01-05 03:00:00,Laptop,50.459930103814074,3
101,2023-01-05 04:00:00,Monitor,177.2457124414429,3
102,2023-01-05 05:00:00,Mouse,285.80443564163903,1
103,2023-01-05 06:00:00,Mouse,185.24037943397934,3
104,2023-01-05 07:00:00,Tastiera,97.81550841948506,2
105,2023-01-05 08:00:00,Mouse,129.4295123895948,2
106,2023-01-05 09:00:00,Mouse,466.1709803523985,1
107,2023-01-05 10:00:00,Mouse,214.2703812217346,2
108,2023-01-05 11:00:00,Tastiera,370.62716243759473,4
109,2023-01-05 12:00:00,Mouse,508.3830981463083,1
110,2023-01-05 13:00:00,Monitor,693.4908803430717,2
111,2023-01-05 14:00:00,Tastiera,48.91901844268795,1
112,2023-01-05 15:00:00,Monitor,801.4162949199522,3
113,2023-01-05 16:00:00,Tastiera,631.6213855959987,2
114,2023-01-05 17:00:00,Mouse,90.94144162938319,4
115,2023-01-05 18:00:00,Monitor,874.8428378657095,2
116,2023-01-05 19:00:00,Tastiera,921.663676526495,1
117,2023-01-05 20:00:00,Laptop,70.46718025631512,1
118,2023-01-05 21:00:00,Mouse,284.10887166573167,2
119,2023-01-05 22:00:00,Tastiera,808.1392669951307,4
120,2023-01-05 23:00:00,Laptop,750.7770934798218,4
121,2023-01-06 00:00:00,Tastiera,192.67580916281355,4
122,2023-01-06 01:00:00,Laptop,217.2558301033432,1
123,2023-01-06 02:00:00,Mouse,376.76738176346817,2
124,2023-01-06 03:00:00,Monitor,489.6777553391111,3
125,2023-01-06 04:00:00,Laptop,622.072223814993,1
126,2023-01-06 05:00:00,Tastiera,375.2245031740747,4
127,2023-01-06 06:00:00,Mouse,467.90936897181643,2
128,2023-01-06 07:00:00,Laptop,749.9962287524189,4
129,2023-01-06 08:00:00,Tastiera,46.31637086169192,3
130,2023-01-06 09:00:00,Tastiera,259.9125749005806,4
131,2023-01-06 10:00:00,Tastiera,716.2160900257069,-1
132,2023-01-06 11:00:00,Laptop,896.2547693103273,3
133,2023-01-06 12:00:00,Laptop,516.5606676945094,2
134,2023-01-06 13:00:00,Laptop,536.7923504126625,1
135,2023-01-06 14:00:00,Monitor,116.10029122637829,2
136,2023-01-06 15:00:00,Laptop,452.9382431552201,3
137,2023-01-06 16:00:00,Laptop,537.2910937904729,4
138,2023-01-06 17:00:00,Laptop,250.04579859838236,2
139,2023-01-06 18:00:00,Monitor,276.55079863988715,1
140,2023-01-06 19:00:00,Laptop,383.5113214735764,3
141,2023-01-06 20:00:00,Tastiera,29.870485799949105,2
142,2023-01-06 21:00:00,Laptop,328.8583739273465,-1
143,2023-01-06 22:00:00,Tastiera,219.3335269265792,3
144,2023-01-06 23:00:00,Tastiera,334.2223786561355,1
145,2023-01-07 00:00:00,Tastiera,128.5645105010587,3
146,2023-01-07 01:00:00,Monitor,891.622007932496,4
147,2023-01-07 02:00:00,Monitor,597.6565290185082,2
148,2023-01-07 03:00:00,Monitor,,1
149,2023-01-07 04:00:00,Laptop,791.2795262212649,3
150,2023-01-07 05:00:00,Tastiera,503.4577769397667,1
151,2023-01-07 06:00:00,Monitor,96.05108520654946,1
152,2023-01-07 07:00:00,Monitor,541.7354764003622,2
153,2023-01-07 08:00:00,Laptop,590.9727068406703,4
154,2023-01-07 09:00:00,Monitor,747.9850794424867,1
155,2023-01-07 10:00:00,Laptop,437.3429507673826,3
156,2023-01-07 11:00:00,Mouse,136.30449976760812,3
157,2023-01-07 12:00:00,Monitor,290.93814674073724,4
158,2023-01-07 13:00:00,Mouse,369.45147343464873,3
159,2023-01-07 14:00:00,Laptop,649.4580689182852,4
160,2023-01-07 15:00:00,Tastiera,575.0705216222227,3
161,2023-01-07 16:00:00,Monitor,362.5357586388678,2
162,2023-01-07 17:00:00,Laptop,986.6500963050499,1
163,2023-01-07 18:00:00,Tastiera,,2
164,2023-01-07 19:00:00,Tastiera,244.85452381863453,1
165,2023-01-07 20:00:00,Mouse,110.7646478941997,-1
166,2023-01-07 21:00:00,Laptop,161.33054779248872,1
167,2023-01-07 22:00:00,Tastiera,253.49815110066305,2
168,2023-01-07 23:00:00,Monitor,169.07455952696012,1
169,2023-01-08 00:00:00,Monitor,194.7013538107927,2
170,2023-01-08 01:00:00,Mouse,292.2442170069086,4
171,2023-01-08 02:00:00,Tastiera,181.63985934180727,3
172,2023-01-08 03:00:00,Laptop,897.797770380161,3
173,2023-01-08 04:00:00,Monitor,89.43140820502579,1
174,2023-01-08 05:00:00,Tastiera,529.2662756745522,2
175,2023-01-08 06:00:00,Tastiera,416.2928587197649,3
176,2023-01-08 07:00:00,Mouse,982.5548307395203,2
177,2023-01-08 08:00:00,Monitor,120.91851314637182,2
178,2023-01-08 09:00:00,Monitor,403.8770430552842,1
179,2023-01-08 10:00:00,Laptop,969.7757289426152,3
180,2023-01-08 11:00:00,Monitor,866.8520546350404,1
181,2023-01-08 12:00:00,Laptop,818.9013502397871,1
182,2023-01-08 13:00:00,Monitor,,3
183,2023-01-08 14:00:00,Mouse,179.17871151616515,3
184,2023-01-08 15:00:00,Monitor,671.9567877251867,4
185,2023-01-08 16:00:00,Laptop,930.0822292363099,4
186,2023-01-08 17:00:00,Laptop,561.1952640837904,2
187,2023-01-08 18:00:00,Mouse,575.8965625752008,3
188,2023-01-08 19:00:00,Monitor,287.1793027236813,4
189,2023-01-08 20:00:00,Monitor,771.7980038600175,2
190,2023-01-08 21:00:00,Mouse,195.17331107194815,2
191,2023-01-08 22:00:00,Monitor,330.4424440402012,2
192,2023-01-08 23:00:00,Monitor,431.1820742302526,4
193,2023-01-09 00:00:00,Laptop,512.5342748976104,3
194,2023-01-09 01:00:00,Monitor,249.98563509092943,1
195,2023-01-09 02:00:00,Monitor,123.68845649181151,2
196,2023-01-09 03:00:00,Mouse,,4
197,2023-01-09 04:00:00,Mouse,295.7442477078532,4
198,2023-01-09 05:00:00,Tastiera,585.4258392083862,1
199,2023-01-09 06:00:00,Laptop,,1
200,2023-01-09 07:00:00,Monitor,486.3287008362693,4
201,2023-01-09 08:00:00,Monitor,537.26353822607,3
202,2023-01-09 09:00:00,Tastiera,61.30530145420264,1
203,2023-01-09 10:00:00,Monitor,,4
204,2023-01-09 11:00:00,Laptop,143.0705301695845,1
205,2023-01-09 12:00:00,Tastiera,,3
206,2023-01-09 13:00:00,Laptop,990.0606300660457,2
207,2023-01-09 14:00:00,Tastiera,329.13030652497577,1
208,2023-01-09 15:00:00,Tastiera,811.7757013960885,3
209,2023-01-09 16:00:00,Mouse,262.0942482161262,4
210,2023-01-09 17:00:00,Laptop,684.68769500169,1
211,2023-01-09 18:00:00,Monitor,762.6255812907897,1
212,2023-01-09 19:00:00,Monitor,599.6823532017659,4
213,2023-01-09 20:00:00,Laptop,476.8604266646568,2
214,2023-01-09 21:00:00,Monitor,417.7225050057958,4
215,2023-01-09 22:00:00,Monitor,355.3795838775653,1
216,2023-01-09 23:00:00,Laptop,930.2338528053476,4
217,2023-01-10 00:00:00,Tastiera,832.3132137098519,3
218,2023-01-10 01:00:00,Laptop,965.3766415598475,4
219,2023-01-10 02:00:00,Tastiera,133.05425125068928,1
220,2023-01-10 03:00:00,Monitor,,4
221,2023-01-10 04:00:00,Monitor,938.9570522528275,2
222,2023-01-10 05:00:00,Monitor,189.42073550400355,4
223,2023-01-10 06:00:00,Mouse,75.83130469310971,2
224,2023-01-10 07:00:00,Tastiera,743.7094427971584,3
225,2023-01-10 08:00:00,Mouse,578.7283820481127,2
226,2023-01-10 09:00:00,Mouse,843.4104889906894,4
227,2023-01-10 10:00:00,Laptop,148.3746528600266,1
228,2023-01-10 11:00:00,Mouse,,2
229,2023-01-10 12:00:00,Laptop,209.6110468472671,3
230,2023-01-10 13:00:00,Laptop,172.01938343704745,2
231,2023-01-10 14:00:00,Mouse,172.62313995168302,2
232,2023-01-10 15:00:00,Tastiera,816.4289730290683,2
233,2023-01-10 16:00:00,Tastiera,668.5452484892381,3
234,2023-01-10 17:00:00,Tastiera,527.8347705214281,4
235,2023-01-10 18:00:00,Tastiera,365.24217928226744,2
236,2023-01-10 19:00:00,Tastiera,878.4285354049772,2
237,2023-01-10 20:00:00,Mouse,398.52065634840903,1
238,2023-01-10 21:00:00,Mouse,818.4334450768613,3
239,2023-01-10 22:00:00,Monitor,444.74355948451625,2
240,2023-01-10 23:00:00,Tastiera,383.1749851306585,3
241,2023-01-11 00:00:00,Mouse,468.0529878129104,2
242,2023-01-11 01:00:00,Monitor,308.36409542250067,4
243,2023-01-11 02:00:00,Tastiera,750.1332863744886,4
244,2023-01-11 03:00:00,Laptop,507.6931861915544,2
245,2023-01-11 04:00:00,Monitor,239.89056819534912,4
246,2023-01-11 05:00:00,Mouse,900.5788275418228,2
247,2023-01-11 06:00:00,Laptop,390.0523091594793,4
248,2023-01-11 07:00:00,Laptop,548.1173325028487,1
249,2023-01-11 08:00:00,Laptop,907.4073898549015,1
250,2023-01-11 09:00:00,Monitor,,1
251,2023-01-11 10:00:00,Mouse,125.72906030128043,3
252,2023-01-11 11:00:00,Laptop,940.4338023773404,3
253,2023-01-11 12:00:00,Tastiera,631.4309725407037,1
254,2023-01-11 13:00:00,Laptop,341.5565585105153,3
255,2023-01-11 14:00:00,Laptop,147.87935193675338,4
256,2023-01-11 15:00:00,Monitor,796.0849373775931,2
257,2023-01-11 16:00:00,Monitor,623.8720283692284,2
258,2023-01-11 17:00:00,Mouse,538.1264810565583,2
259,2023-01-11 18:00:00,Tastiera,894.9536572204481,1
260,2023-01-11 19:00:00,Monitor,790.7112391122854,3
261,2023-01-11 20:00:00,Laptop,160.15813093542366,4
262,2023-01-11 21:00:00,Mouse,318.6048471175927,4
263,2023-01-11 22:00:00,Laptop,256.00424841632105,1
264,2023-01-11 23:00:00,Laptop,746.5068296469502,4
265,2023-01-12 00:00:00,Monitor,43.197110388421585,4
266,2023-01-12 01:00:00,Mouse,574.1907880226033,4
267,2023-01-12 02:00:00,Tastiera,764.8340988832837,4
268,2023-01-12 03:00:00,Tastiera,877.997980394132,3
269,2023-01-12 04:00:00,Monitor,348.6609312287484,4
270,2023-01-12 05:00:00,Monitor,,2
271,2023-01-12 06:00:00,Mouse,119.52541958565516,1
272,2023-01-12 07:00:00,Tastiera,847.987768817173,3
273,2023-01-12 08:00:00,Tastiera,136.21377570866258,4
274,2023-01-12 09:00:00,Tastiera,403.3144176547636,3
275,2023-01-12 10:00:00,Laptop,799.3224121217581,4
276,2023-01-12 11:00:00,Tastiera,158.41825307528603,2
277,2023-01-12 12:00:00,Laptop,236.95888128031507,1
278,2023-01-12 13:00:00,Mouse,725.0300427091356,4
279,2023-01-12 14:00:00,Laptop,722.8361711806136,4
280,2023-01-12 15:00:00,Mouse,644.7361565564444,4
281,2023-01-12 16:00:00,Tastiera,697.008960022429,4
282,2023-01-12 17:00:00,Tastiera,547.2971989141203,1
283,2023-01-12 18:00:00,Mouse,259.28106831788324,1
284,2023-01-12 19:00:00,Monitor,352.23903356888025,2
285,2023-01-12 20:00:00,Mouse,189.7817396334114,1
286,2023-01-12 21:00:00,Monitor,909.366055720292,4
287,2023-01-12 22:00:00,Laptop,587.5578768184592,2
288,2023-01-12 23:00:00,Laptop,406.8429025960035,2
289,2023-01-13 00:00:00,Laptop,467.3857456076914,2
290,2023-01-13 01:00:00,Tastiera,947.8105062156972,4
291,2023-01-13 02:00:00,Laptop,161.8178890849194,3
292,2023-01-13 03:00:00,Monitor,590.3675336966293,4
293,2023-01-13 04:00:00,Laptop,510.8297920956213,1
294,2023-01-13 05:00:00,Mouse,615.3396930803013,1
295,2023-01-13 06:00:00,Mouse,27.929081982632102,4
296,2023-01-13 07:00:00,Tastiera,873.40266985471,4
297,2023-01-13 08:00:00,Mouse,932.7970996587762,2
298,2023-01-13 09:00:00,Monitor,569.4818517533168,4
299,2023-01-13 10:00:00,Laptop,699.6843156381233,2
300,2023-01-13 11:00:00,Tastiera,923.2743873655228,1
301,2023-01-13 12:00:00,Laptop,710.1662479702646,2
302,2023-01-13 13:00:00,Laptop,161.01365248511874,4
303,2023-01-13 14:00:00,Monitor,580.525476565145,1
304,2023-01-13 15:00:00,Mouse,610.6478959190273,3
305,2023-01-13 16:00:00,Mouse,429.8893645893622,-1
306,2023-01-13 17:00:00,Laptop,739.0797932684756,1
307,2023-01-13 18:00:00,Tastiera,935.0233446213247,2
308,2023-01-13 19:00:00,Mouse,926.3128277777085,1
309,2023-01-13 20:00:00,Tastiera,456.3309776900908,1
310,2023-01-13 21:00:00,Mouse,122.1056653823477,2
311,2023-01-13 22:00:00,Tastiera,984.9927869727112,3
312,2023-01-13 23:00:00,Monitor,840.5091055814747,1
313,2023-01-14 00:00:00,Tastiera,133.41605439123418,-1
314,2023-01-14 01:00:00,Monitor,921.6334637911986,-1
315,2023-01-14 02:00:00,Monitor,871.197398441507,3
316,2023-01-14 03:00:00,Tastiera,523.6496765548114,3
317,2023-01-14 04:00:00,Monitor,595.3626813874799,4
318,2023-01-14 05:00:00,Laptop,405.01267683142896,2
319,2023-01-14 06:00:00,Monitor,64.21402243381101,3
320,2023-01-14 07:00:00,Mouse,341.8452692294419,2
321,2023-01-14 08:00:00,Tastiera,804.8249141120314,4
322,2023-01-14 09:00:00,Laptop,14.58570277455683,2
323,2023-01-14 10:00:00,Tastiera,340.16417997423275,3
324,2023-01-14 11:00:00,Mouse,404.1870066550339,2
325,2023-01-14 12:00:00,Mouse,542.0216469085436,3
326,2023-01-14 13:00:00,Mouse,920.6570602486329,2
327,2023-01-14 14:00:00,Monitor,352.88253442230166,3
328,2023-01-14 15:00:00,Monitor,353.4836698772654,3
329,2023-01-14 16:00:00,Tastiera,740.1262356286509,2
330,2023-01-14 17:00:00,Tastiera,457.6957614809091,4
331,2023-01-14 18:00:00,Laptop,232.35877471058214,1
332,2023-01-14 19:00:00,Laptop,457.9151209713665,4
333,2023-01-14 20:00:00,Tastiera,149.44845017600187,2
334,2023-01-14 21:00:00,Monitor,184.62311664116106,4
335,2023-01-14 22:00:00,Mouse,503.38409501208497,3
336,2023-01-14 23:00:00,Tastiera,424.7361950095024,1
337,2023-01-15 00:00:00,Laptop,915.697442057419,2
338,2023-01-15 01:00:00,Monitor,368.76996012546675,2
339,2023-01-15 02:00:00,Tastiera,584.7824667752631,2
340,2023-01-15 03:00:00,Tastiera,635.9416450403351,1
341,2023-01-15 04:00:00,Monitor,22.9635120224503,3
342,2023-01-15 05:00:00,Tastiera,666.9019982965435,2
343,2023-01-15 06:00:00,Monitor,186.25560720105392,4
344,2023-01-15 07:00:00,Mouse,961.4596142947606,2
345,2023-01-15 08:00:00,Monitor,157.17610047558182,2
346,2023-01-15 09:00:00,Monitor,420.4778824897535,2
347,2023-01-15 10:00:00,Monitor,94.49617139785742,2
348,2023-01-15 11:00:00,Tastiera,996.9055093274878,3
349,2023-01-15 12:00:00,Tastiera,507.17306022793014,4
350,2023-01-15 13:00:00,Monitor,599.4311671468433,3
351,2023-01-15 14:00:00,Tastiera,76.4057126145432,4
352,2023-01-15 15:00:00,Laptop,752.460865695186,2
353,2023-01-15 16:00:00,Laptop,217.8065371646299,1
354,2023-01-15 17:00:00,Tastiera,899.0737465463067,3
355,2023-01-15 18:00:00,Tastiera,213.08824407718708,1
356,2023-01-15 19:00:00,Monitor,198.7808434570299,3
357,2023-01-15 20:00:00,Mouse,46.18417116961393,2
358,2023-01-15 21:00:00,Tastiera,477.34627565889923,3
359,2023-01-15 22:00:00,Laptop,569.1927219299903,2
360,2023-01-15 23:00:00,Monitor,75.05155303406885,3
361,2023-01-16 00:00:00,Tastiera,777.7723405280605,2
362,2023-01-16 01:00:00,Laptop,458.7559464005473,2
363,2023-01-16 02:00:00,Laptop,529.1463666343043,4
364,2023-01-16 03:00:00,Mouse,446.3551194688459,2
365,2023-01-16 04:00:00,Monitor,406.7554302665727,4
366,2023-01-16 05:00:00,Monitor,564.0439279951357,2
367,2023-01-16 06:00:00,Mouse,163.6878434714054,1
368,2023-01-16 07:00:00,Mouse,190.1088491903184,2
369,2023-01-16 08:00:00,Monitor,863.1677648033822,1
370,2023-01-16 09:00:00,Monitor,946.6543075122964,1
371,2023-01-16 10:00:00,Tastiera,379.5762231169554,-1
372,2023-01-16 11:00:00,Tastiera,278.03722641211823,1
373,2023-01-16 12:00:00,Mouse,647.5595478066256,4
374,2023-01-16 13:00:00,Tastiera,414.6468293871154,3
375,2023-01-16 14:00:00,Laptop,35.13249210374141,2
376,2023-01-16 15:00:00,Tastiera,164.59107139252845,1
377,2023-01-16 16:00:00,Tastiera,718.8125065589236,2
378,2023-01-16 17:00:00,Laptop,662.3347024910498,4
379,2023-01-16 18:00:00,Mouse,36.825032578448656,2
380,2023-01-16 19:00:00,Laptop,229.75244031361996,2
381,2023-01-16 20:00:00,Tastiera,238.76404862219067,1
382,2023-01-16 21:00:00,Mouse,675.1738161627411,4
383,2023-01-16 22:00:00,Tastiera,29.513432376820514,3
384,2023-01-16 23:00:00,Laptop,113.06749616472811,-1
385,2023-01-17 00:00:00,Laptop,801.9169245194574,1
386,2023-01-17 01:00:00,Tastiera,186.75921543379027,2
387,2023-01-17 02:00:00,Monitor,656.218646773356,1
388,2023-01-17 03:00:00,Monitor,245.80095323625926,1
389,2023-01-17 04:00:00,Laptop,108.44697883175171,1
390,2023-01-17 05:00:00,Laptop,250.74046908945954,2
391,2023-01-17 06:00:00,Monitor,725.0442625371026,4
392,2023-01-17 07:00:00,Monitor,857.1395034252229,1
393,2023-01-17 08:00:00,Tastiera,831.9176659213217,2
394,2023-01-17 09:00:00,Tastiera,403.21169432227026,4
395,2023-01-17 10:00:00,Monitor,671.4042852049397,1
396,2023-01-17 11:00:00,Tastiera,212.93445246166277,3
397,2023-01-17 12:00:00,Tastiera,300.2162529584031,4
398,2023-01-17 13:00:00,Mouse,897.3724603359086,1
399,2023-01-17 14:00:00,Tastiera,,4
400,2023-01-17 15:00:00,Laptop,,4
401,2023-01-17 16:00:00,Tastiera,215.80739259456703,4
402,2023-01-17 17:00:00,Tastiera,36.26688183508152,4
403,2023-01-17 18:00:00,Monitor,189.62108073889934,4
404,2023-01-17 19:00:00,Laptop,587.2111453599953,4
405,2023-01-17 20:00:00,Tastiera,427.210305086573,1
406,2023-01-17 21:00:00,Tastiera,893.7449939662051,3
407,2023-01-17 22:00:00,Mouse,819.2691261210565,2
408,2023-01-17 23:00:00,Tastiera,348.3991781808972,4
409,2023-01-18 00:00:00,Tastiera,266.82919909697955,2
410,2023-01-18 01:00:00,Mouse,385.89548408559426,1
411,2023-01-18 02:00:00,Monitor,594.3919930896596,4
412,2023-01-18 03:00:00,Tastiera,275.3830044146475,3
413,2023-01-18 04:00:00,Mouse,627.9074187706427,2
414,2023-01-18 05:00:00,Laptop,415.31753566932804,4
415,2023-01-18 06:00:00,Monitor,556.5267090434604,1
416,2023-01-18 07:00:00,Laptop,441.7652638439635,3
417,2023-01-18 08:00:00,Laptop,301.5211019464985,2
418,2023-01-18 09:00:00,Mouse,948.9687738925351,2
419,2023-01-18 10:00:00,Tastiera,765.9697362181632,4
420,2023-01-18 11:00:00,Mouse,148.712044008788,3
421,2023-01-18 12:00:00,Mouse,869.7832961389337,3
422,2023-01-18 13:00:00,Mouse,492.5568862670185,3
423,2023-01-18 14:00:00,Mouse,895.6067046251505,3
424,2023-01-18 15:00:00,Monitor,801.8567033878421,1
425,2023-01-18 16:00:00,Tastiera,430.9613694245411,3
426,2023-01-18 17:00:00,Laptop,,2
427,2023-01-18 18:00:00,Laptop,275.99058579109663,2
428,2023-01-18 19:00:00,Tastiera,546.2178725142583,1
429,2023-01-18 20:00:00,Laptop,637.1434376278858,2
430,2023-01-18 21:00:00,Tastiera,265.3088085788703,2
431,2023-01-18 22:00:00,Laptop,147.96251333209588,3
432,2023-01-18 23:00:00,Mouse,836.5809344313061,2
433,2023-01-19 00:00:00,Laptop,984.5581588965166,1
434,2023-01-19 01:00:00,Tastiera,530.433280479659,3
435,2023-01-19 02:00:00,Tastiera,179.96249298982048,4
436,2023-01-19 03:00:00,Tastiera,279.5842532541753,3
437,2023-01-19 04:00:00,Tastiera,28.206769781992065,1
438,2023-01-19 05:00:00,Tastiera,915.155818494894,3
439,2023-01-19 06:00:00,Monitor,126.57357206123973,3
440,2023-01-19 07:00:00,Monitor,580.751310759111,1
441,2023-01-19 08:00:00,Laptop,,3
442,2023-01-19 09:00:00,Tastiera,558.6362224906355,1
443,2023-01-19 10:00:00,Laptop,654.9061844683456,1
444,2023-01-19 11:00:00,Tastiera,831.4443856701296,4
445,2023-01-19 12:00:00,Tastiera,214.35705904299718,2
446,2023-01-19 13:00:00,Monitor,20.88587037189567,2
447,2023-01-19 14:00:00,Monitor,145.5167737681192,3
448,2023-01-19 15:00:00,Mouse,901.018455429624,3
449,2023-01-19 16:00:00,Monitor,875.1511767868901,4
450,2023-01-19 17:00:00,Mouse,601.4389711486052,4
451,2023-01-19 18:00:00,Mouse,604.5116918293169,4
452,2023-01-19 19:00:00,Mouse,668.3863078007929,1
453,2023-01-19 20:00:00,Mouse,183.6175658372151,4
454,2023-01-19 21:00:00,Mouse,915.2678264657102,4
455,2023-01-19 22:00:00,Laptop,424.5828196431524,3
456,2023-01-19 23:00:00,Monitor,389.3071429670025,4
457,2023-01-20 00:00:00,Mouse,523.7285282300091,1
458,2023-01-20 01:00:00,Tastiera,56.496307107304496,1
459,2023-01-20 02:00:00,Monitor,174.62053506851862,3
460,2023-01-20 03:00:00,Monitor,740.6532802621067,4
461,2023-01-20 04:00:00,Mouse,91.9706812458752,4
462,2023-01-20 05:00:00,Laptop,607.1205883717244,1
463,2023-01-20 06:00:00,Mouse,252.89561858450776,4
464,2023-01-20 07:00:00,Laptop,395.4026579015568,4
465,2023-01-20 08:00:00,Tastiera,295.80679940299285,4
466,2023-01-20 09:00:00,Monitor,362.11598930029965,2
467,2023-01-20 10:00:00,Tastiera,721.855446132403,3
468,2023-01-20 11:00:00,Laptop,304.15049846694325,2
469,2023-01-20 12:00:00,Laptop,570.7405938939282,3
470,2023-01-20 13:00:00,Tastiera,481.2898981771087,1
471,2023-01-20 14:00:00,Laptop,667.0344537090217,4
472,2023-01-20 15:00:00,Tastiera,,3
473,2023-01-20 16:00:00,Monitor,735.2463762381478,2
474,2023-01-20 17:00:00,Tastiera,222.79097480484918,4
475,2023-01-20 18:00:00,Monitor,40.871303710671825,1
476,2023-01-20 19:00:00,Tastiera,269.64140385682686,3
477,2023-01-20 20:00:00,Laptop,599.1271513932522,3
478,2023-01-20 21:00:00,Tastiera,60.91155534940785,3
479,2023-01-20 22:00:00,Laptop,501.402584729224,4
480,2023-01-20 23:00:00,Tastiera,600.8744204277203,2
481,2023-01-21 00:00:00,Tastiera,340.9014519087912,2
482,2023-01-21 01:00:00,Mouse,773.2030817083637,3
483,2023-01-21 02:00:00,Laptop,115.53227060243408,1
484,2023-01-21 03:00:00,Mouse,84.38640391845067,1
485,2023-01-21 04:00:00,Laptop,730.9068686415674,2
486,2023-01-21 05:00:00,Mouse,500.5364030441365,1
487,2023-01-21 06:00:00,Monitor,691.5183724634587,2
488,2023-01-21 07:00:00,Tastiera,440.47906521770875,3
489,2023-01-21 08:00:00,Laptop,253.93801290671576,2
490,2023-01-21 09:00:00,Laptop,820.9112944974577,2
491,2023-01-21 10:00:00,Tastiera,801.4217201792894,3
492,2023-01-21 11:00:00,Laptop,,1
493,2023-01-21 12:00:00,Laptop,279.4236858576631,2
494,2023-01-21 13:00:00,Mouse,594.3283602003962,2
495,2023-01-21 14:00:00,Laptop,367.36415797062654,3
496,2023-01-21 15:00:00,Monitor,100.66625259336782,1
497,2023-01-21 16:00:00,Monitor,918.1404397076203,2
498,2023-01-21 17:00:00,Tastiera,145.45044460977178,3
499,2023-01-21 18:00:00,Laptop,950.7349802825944,2
500,2023-01-21 19:00:00,Tastiera,451.5457152283762,4
501,2023-01-21 20:00:00,Monitor,193.28159955023347,3
502,2023-01-21 21:00:00,Laptop,546.4819379045746,1
503,2023-01-21 22:00:00,Laptop,874.2163775176442,1
504,2023-01-21 23:00:00,Tastiera,734.9026375454656,1
505,2023-01-22 00:00:00,Monitor,808.4955363828352,1
506,2023-01-22 01:00:00,Laptop,662.1955330436102,2
507,2023-01-22 02:00:00,Tastiera,695.3537988726739,2
508,2023-01-22 03:00:00,Monitor,850.7036950496661,1
509,2023-01-22 04:00:00,Tastiera,257.1713287705941,1
510,2023-01-22 05:00:00,Mouse,494.53071400670905,1
511,2023-01-22 06:00:00,Laptop,228.99734740140622,2
512,2023-01-22 07:00:00,Mouse,987.7913279166805,1
513,2023-01-22 08:00:00,Monitor,944.6187462897472,1
514,2023-01-22 09:00:00,Mouse,49.03254325482084,4
515,2023-01-22 10:00:00,Mouse,708.5194207905316,4
516,2023-01-22 11:00:00,Monitor,925.9958342415092,1
517,2023-01-22 12:00:00,Tastiera,188.7695916760602,3
518,2023-01-22 13:00:00,Mouse,572.2657782471032,1
519,2023-01-22 14:00:00,Tastiera,,4
520,2023-01-22 15:00:00,Mouse,43.60651879994085,3
521,2023-01-22 16:00:00,Tastiera,700.4460645743716,3
522,2023-01-22 17:00:00,Monitor,304.3755172988253,1
523,2023-01-22 18:00:00,Mouse,925.1522334227651,4
524,2023-01-22 19:00:00,Monitor,971.347662713714,4
525,2023-01-22 20:00:00,Mouse,944.8238242222995,3
526,2023-01-22 21:00:00,Monitor,479.47207449088916,1
527,2023-01-22 22:00:00,Monitor,863.4222244794203,2
528,2023-01-22 23:00:00,Mouse,846.1039045497197,2
529,2023-01-23 00:00:00,Mouse,325.9094685108231,4
530,2023-01-23 01:00:00,Mouse,830.6263194091706,2
531,2023-01-23 02:00:00,Laptop,46.63755836833769,4
532,2023-01-23 03:00:00,Tastiera,600.3071796972325,4
533,2023-01-23 04:00:00,Laptop,,4
534,2023-01-23 05:00:00,Laptop,129.36121691950603,2
535,2023-01-23 06:00:00,Monitor,86.18366961291706,4
536,2023-01-23 07:00:00,Mouse,699.3258881193584,3
537,2023-01-23 08:00:00,Tastiera,346.4762141303855,1
538,2023-01-23 09:00:00,Monitor,727.5191038134739,1
539,2023-01-23 10:00:00,Laptop,74.70277739095295,4
540,2023-01-23 11:00:00,Mouse,322.1374344523042,1
541,2023-01-23 12:00:00,Monitor,544.0963794515839,2
542,2023-01-23 13:00:00,Mouse,792.8159331905739,2
543,2023-01-23 14:00:00,Monitor,325.5649779027492,1
544,2023-01-23 15:00:00,Mouse,629.632462672639,2
545,2023-01-23 16:00:00,Laptop,887.1179707538253,1
546,2023-01-23 17:00:00,Tastiera,619.7045563004815,1
547,2023-01-23 18:00:00,Laptop,240.62988000609744,1
548,2023-01-23 19:00:00,Tastiera,34.15677374097264,4
549,2023-01-23 20:00:00,Mouse,871.3978851619206,1
550,2023-01-23 21:00:00,Monitor,31.056716741883267,4
551,2023-01-23 22:00:00,Laptop,875.9546559573574,1
552,2023-01-23 23:00:00,Tastiera,533.6477626869398,1
553,2023-01-24 00:00:00,Laptop,939.6770215277672,1
554,2023-01-24 01:00:00,Tastiera,800.7954034159287,2
555,2023-01-24 02:00:00,Laptop,997.954769428004,4
556,2023-01-24 03:00:00,Tastiera,,4
557,2023-01-24 04:00:00,Tastiera,769.5164060418156,1
558,2023-01-24 05:00:00,Mouse,407.91160447314974,1
559,2023-01-24 06:00:00,Tastiera,485.0768641008698,2
560,2023-01-24 07:00:00,Mouse,631.2304085861864,2
561,2023-01-24 08:00:00,Tastiera,874.9403430444754,2
562,2023-01-24 09:00:00,Monitor,984.2426345073022,4
563,2023-01-24 10:00:00,Monitor,770.590679725873,4
564,2023-01-24 11:00:00,Monitor,423.58911434566045,4
565,2023-01-24 12:00:00,Tastiera,427.14343225429946,1
566,2023-01-24 13:00:00,Mouse,740.2064785730025,4
567,2023-01-24 14:00:00,Mouse,246.3893743106193,3
568,2023-01-24 15:00:00,Tastiera,119.36937200008072,3
569,2023-01-24 16:00:00,Monitor,361.07593606436876,2
570,2023-01-24 17:00:00,Monitor,294.3666017375409,4
571,2023-01-24 18:00:00,Mouse,303.3450392514302,3
572,2023-01-24 19:00:00,Monitor,241.27167353941084,2
573,2023-01-24 20:00:00,Laptop,51.672257739998265,4
574,2023-01-24 21:00:00,Mouse,27.69519538607967,1
575,2023-01-24 22:00:00,Monitor,987.8451658386713,3
576,2023-01-24 23:00:00,Mouse,433.4954023985037,1
577,2023-01-25 00:00:00,Laptop,390.4833806880849,4
578,2023-01-25 01:00:00,Mouse,682.8508098661391,3
579,2023-01-25 02:00:00,Mouse,226.0713489864135,4
580,2023-01-25 03:00:00,Mouse,950.4615721107231,1
581,2023-01-25 04:00:00,Mouse,788.4815642713966,-1
582,2023-01-25 05:00:00,Laptop,,1
583,2023-01-25 06:00:00,Tastiera,423.40496802707906,4
584,2023-01-25 07:00:00,Mouse,880.3271244865431,4
585,2023-01-25 08:00:00,Mouse,945.2847020684961,1
586,2023-01-25 09:00:00,Monitor,472.727496137371,3
587,2023-01-25 10:00:00,Mouse,617.2772753186006,1
588,2023-01-25 11:00:00,Monitor,175.36360663115448,4
589,2023-01-25 12:00:00,Tastiera,991.2569398756068,1
590,2023-01-25 13:00:00,Laptop,239.35498436960896,4
591,2023-01-25 14:00:00,Laptop,943.3044563937744,1
592,2023-01-25 15:00:00,Tastiera,653.1501825024447,3
593,2023-01-25 16:00:00,Laptop,611.6594269300705,3
594,2023-01-25 17:00:00,Tastiera,517.5616259063436,1
595,2023-01-25 18:00:00,Tastiera,238.3631136005811,1
596,2023-01-25 19:00:00,Tastiera,,3
597,2023-01-25 20:00:00,Laptop,228.2813469794736,4
598,2023-01-25 21:00:00,Monitor,194.57387952281198,3
599,2023-01-25 22:00:00,Tastiera,781.7886288310858,-1
600,2023-01-25 23:00:00,Mouse,356.6240065750628,1
601,2023-01-26 00:00:00,Laptop,67.2642497977624,1
602,2023-01-26 01:00:00,Tastiera,969.4116038394033,4
603,2023-01-26 02:00:00,Tastiera,884.9480261137915,1
604,2023-01-26 03:00:00,Mouse,928.4747603632609,4
605,2023-01-26 04:00:00,Monitor,994.9587444199709,2
606,2023-01-26 05:00:00,Monitor,182.1562967272924,3
607,2023-01-26 06:00:00,Monitor,402.27959871363214,2
608,2023-01-26 07:00:00,Tastiera,760.6560909470504,4
609,2023-01-26 08:00:00,Tastiera,699.0604118732543,3
610,2023-01-26 09:00:00,Tastiera,162.3569472764565,4
611,2023-01-26 10:00:00,Laptop,817.6747937407116,3
612,2023-01-26 11:00:00,Mouse,232.19616611829406,3
613,2023-01-26 12:00:00,Tastiera,231.57943867439684,3
614,2023-01-26 13:00:00,Mouse,541.6046786644795,3
615,2023-01-26 14:00:00,Mouse,597.0105354932862,4
616,2023-01-26 15:00:00,Monitor,584.2853457594331,3
617,2023-01-26 16:00:00,Laptop,100.57196902377733,3
618,2023-01-26 17:00:00,Tastiera,,2
619,2023-01-26 18:00:00,Monitor,,1
620,2023-01-26 19:00:00,Monitor,138.21977206997613,1
621,2023-01-26 20:00:00,Tastiera,889.8605990702874,2
622,2023-01-26 21:00:00,Mouse,956.0949832474558,2
623,2023-01-26 22:00:00,Monitor,863.5063410927961,4
624,2023-01-26 23:00:00,Mouse,811.4209139776293,4
625,2023-01-27 00:00:00,Laptop,658.6895608326315,4
626,2023-01-27 01:00:00,Mouse,555.348796903048,2
627,2023-01-27 02:00:00,Laptop,96.11689231229603,2
628,2023-01-27 03:00:00,Mouse,414.3686809399917,3
629,2023-01-27 04:00:00,Monitor,378.96163184219085,4
630,2023-01-27 05:00:00,Monitor,267.1562459227229,4
631,2023-01-27 06:00:00,Laptop,726.1859125516991,4
632,2023-01-27 07:00:00,Tastiera,,1
633,2023-01-27 08:00:00,Laptop,90.23575374857145,3
634,2023-01-27 09:00:00,Laptop,227.98136993031324,4
635,2023-01-27 10:00:00,Mouse,686.4261760229999,4
636,2023-01-27 11:00:00,Mouse,85.36955089539718,4
637,2023-01-27 12:00:00,Laptop,852.694844908281,1
638,2023-01-27 13:00:00,Monitor,500.1950617438346,1
639,2023-01-27 14:00:00,Mouse,,2
640,2023-01-27 15:00:00,Tastiera,596.4837068129224,3
641,2023-01-27 16:00:00,Mouse,826.4341562658976,2
642,2023-01-27 17:00:00,Mouse,354.3311158231711,3
643,2023-01-27 18:00:00,Tastiera,681.2359910334729,1
644,2023-01-27 19:00:00,Laptop,570.0746443558331,4
645,2023-01-27 20:00:00,Tastiera,274.3579874677271,2
646,2023-01-27 21:00:00,Laptop,879.8436864916064,4
647,2023-01-27 22:00:00,Laptop,799.4517613908588,2
648,2023-01-27 23:00:00,Laptop,661.8673163118413,1
649,2023-01-28 00:00:00,Tastiera,852.0759118032995,1
650,2023-01-28 01:00:00,Laptop,868.6212589502044,1
651,2023-01-28 02:00:00,Monitor,711.2793469478844,2
652,2023-01-28 03:00:00,Tastiera,838.6431950800353,3
653,2023-01-28 04:00:00,Monitor,700.4967470525908,2
654,2023-01-28 05:00:00,Laptop,683.3393640426974,3
655,2023-01-28 06:00:00,Mouse,,2
656,2023-01-28 07:00:00,Laptop,755.1894731620648,2
657,2023-01-28 08:00:00,Monitor,167.01905424014296,1
658,2023-01-28 09:00:00,Monitor,882.0620516069391,4
659,2023-01-28 10:00:00,Tastiera,873.1250924677797,4
660,2023-01-28 11:00:00,Mouse,38.95481020421356,3
661,2023-01-28 12:00:00,Tastiera,827.558583059115,4
662,2023-01-28 13:00:00,Monitor,137.58116879871073,2
663,2023-01-28 14:00:00,Laptop,341.7676657165505,2
664,2023-01-28 15:00:00,Mouse,746.0731737286917,1
665,2023-01-28 16:00:00,Laptop,169.15229708782513,1
666,2023-01-28 17:00:00,Laptop,,4
667,2023-01-28 18:00:00,Mouse,833.8128361781645,3
668,2023-01-28 19:00:00,Tastiera,512.3930564232278,4
669,2023-01-28 20:00:00,Laptop,16.322012999665244,4
670,2023-01-28 21:00:00,Monitor,294.16775184316367,4
671,2023-01-28 22:00:00,Laptop,620.7576491919848,4
672,2023-01-28 23:00:00,Mouse,,2
673,2023-01-29 00:00:00,Mouse,635.4953917465017,3
674,2023-01-29 01:00:00,Mouse,267.2055452535182,2
675,2023-01-29 02:00:00,Tastiera,637.6656460686153,3
676,2023-01-29 03:00:00,Laptop,544.5855259186969,1
677,2023-01-29 04:00:00,Tastiera,782.0469411996322,4
678,2023-01-29 05:00:00,Tastiera,115.91083243868883,2
679,2023-01-29 06:00:00,Mouse,763.4176234770077,3
680,2023-01-29 07:00:00,Mouse,545.8539128893492,1
681,2023-01-29 08:00:00,Tastiera,963.3620838204047,1
682,2023-01-29 09:00:00,Laptop,348.45344437829925,4
683,2023-01-29 10:00:00,Monitor,636.2956742026087,3
684,2023-01-29 11:00:00,Tastiera,932.7078244549173,2
685,2023-01-29 12:00:00,Laptop,111.48463071077246,4
686,2023-01-29 13:00:00,Mouse,937.8562023640866,2
687,2023-01-29 14:00:00,Mouse,691.0068650778052,1
688,2023-01-29 15:00:00,Laptop,77.15868851412019,2
689,2023-01-29 16:00:00,Monitor,307.9539312773481,2
690,2023-01-29 17:00:00,Mouse,,4
691,2023-01-29 18:00:00,Mouse,76.67709545408398,2
692,2023-01-29 19:00:00,Mouse,586.3487555745105,4
693,2023-01-29 20:00:00,Laptop,352.42422638342714,1
694,2023-01-29 21:00:00,Tastiera,624.7063625898023,4
695,2023-01-29 22:00:00,Mouse,55.28461347438772,4
696,2023-01-29 23:00:00,Tastiera,,3
697,2023-01-30 00:00:00,Monitor,973.7540794856229,2
698,2023-01-30 01:00:00,Mouse,969.1890767328346,1
699,2023-01-30 02:00:00,Mouse,752.1553134254955,4
700,2023-01-30 03:00:00,Monitor,138.78537772932566,1
701,2023-01-30 04:00:00,Mouse,760.6805639697324,3
702,2023-01-30 05:00:00,Tastiera,34.341047294213496,2
703,2023-01-30 06:00:00,Laptop,31.90231601370728,4
704,2023-01-30 07:00:00,Tastiera,330.3741169580458,2
705,2023-01-30 08:00:00,Laptop,493.75675850061907,3
706,2023-01-30 09:00:00,Laptop,772.7033436297153,3
707,2023-01-30 10:00:00,Tastiera,686.4624228404401,1
708,2023-01-30 11:00:00,Tastiera,451.44367931298086,4
709,2023-01-30 12:00:00,Tastiera,280.89039961884924,1
710,2023-01-30 13:00:00,Tastiera,997.153255156134,3
711,2023-01-30 14:00:00,Monitor,431.9194892136132,2
712,2023-01-30 15:00:00,Mouse,456.87315408637875,1
713,2023-01-30 16:00:00,Laptop,171.9875829797525,1
714,2023-01-30 17:00:00,Tastiera,796.8614532624301,2
715,2023-01-30 18:00:00,Tastiera,696.7454035236738,1
716,2023-01-30 19:00:00,Tastiera,228.56191666087278,2
717,2023-01-30 20:00:00,Monitor,91.55723515968427,4
718,2023-01-30 21:00:00,Tastiera,683.694309053966,2
719,2023-01-30 22:00:00,Tastiera,657.9661021383239,4
720,2023-01-30 23:00:00,Tastiera,280.5269317282272,2
721,2023-01-31 00:00:00,Mouse,951.3549266279063,3
722,2023-01-31 01:00:00,Monitor,159.54731286309124,3
723,2023-01-31 02:00:00,Tastiera,438.0114530321759,4
724,2023-01-31 03:00:00,Laptop,944.1797609659229,4
725,2023-01-31 04:00:00,Laptop,425.53004375686106,3
726,2023-01-31 05:00:00,Laptop,642.1406881874447,4
727,2023-01-31 06:00:00,Monitor,403.6184539831663,2
728,2023-01-31 07:00:00,Monitor,281.47305032518335,2
729,2023-01-31 08:00:00,Laptop,,3
730,2023-01-31 09:00:00,Tastiera,415.2406662518926,-1
731,2023-01-31 10:00:00,Monitor,895.1582116423431,2
732,2023-01-31 11:00:00,Laptop,237.6550598321753,4
733,2023-01-31 12:00:00,Laptop,220.97365698483247,1
734,2023-01-31 13:00:00,Tastiera,40.82274205566625,1
735,2023-01-31 14:00:00,Mouse,655.1501571221262,2
736,2023-01-31 15:00:00,Monitor,374.84108028652355,2
737,2023-01-31 16:00:00,Tastiera,865.7146673412407,1
738,2023-01-31 17:00:00,Laptop,478.47780762464157,1
739,2023-01-31 18:00:00,Laptop,968.5114936355745,3
740,2023-01-31 19:00:00,Tastiera,193.67026054608993,4
741,2023-01-31 20:00:00,Monitor,869.9369362760547,3
742,2023-01-31 21:00:00,Mouse,778.8308842638243,2
743,2023-01-31 22:00:00,Mouse,773.2126261976115,3
744,2023-01-31 23:00:00,Laptop,846.3353958357188,3
745,2023-02-01 00:00:00,Monitor,763.4137510335689,3
746,2023-02-01 01:00:00,Mouse,629.9581184151012,3
747,2023-02-01 02:00:00,Monitor,139.9324289055637,4
748,2023-02-01 03:00:00,Monitor,42.200917696339395,4
749,2023-02-01 04:00:00,Laptop,921.63936933753,1
750,2023-02-01 05:00:00,Mouse,620.4838113755306,2
751,2023-02-01 06:00:00,Tastiera,798.5719180664146,3
752,2023-02-01 07:00:00,Laptop,486.70712799742455,1
753,2023-02-01 08:00:00,Mouse,126.13510707277054,1
754,2023-02-01 09:00:00,Mouse,133.93393428052494,1
755,2023-02-01 10:00:00,Mouse,688.7096343566817,4
756,2023-02-01 11:00:00,Mouse,436.00283595046807,3
757,2023-02-01 12:00:00,Mouse,208.51947943333334,3
758,2023-02-01 13:00:00,Monitor,496.6786012740225,2
759,2023-02-01 14:00:00,Laptop,73.56684770438275,3
760,2023-02-01 15:00:00,Monitor,,3
761,2023-02-01 16:00:00,Tastiera,276.30347039074667,1
762,2023-02-01 17:00:00,Mouse,799.5835096308163,2
763,2023-02-01 18:00:00,Laptop,317.258339334338,3
764,2023-02-01 19:00:00,Mouse,460.6679475909832,4
765,2023-02-01 20:00:00,Laptop,21.50433450901963,3
766,2023-02-01 21:00:00,Monitor,81.7224189166133,1
767,2023-02-01 22:00:00,Laptop,398.568620842618,4
768,2023-02-01 23:00:00,Tastiera,485.1394463699523,1
769,2023-02-02 00:00:00,Tastiera,604.0203426381107,3
770,2023-02-02 01:00:00,Laptop,298.7459529222102,4
771,2023-02-02 02:00:00,Laptop,698.0320672652771,2
772,2023-02-02 03:00:00,Laptop,861.5211732173125,2
773,2023-02-02 04:00:00,Laptop,782.0524790044163,4
774,2023-02-02 05:00:00,Tastiera,49.222637094873576,4
775,2023-02-02 06:00:00,Mouse,485.70187778525064,1
776,2023-02-02 07:00:00,Laptop,113.88087663399313,4
777,2023-02-02 08:00:00,Laptop,249.6245657039022,1
778,2023-02-02 09:00:00,Tastiera,986.795967334475,3
779,2023-02-02 10:00:00,Tastiera,151.0705874724981,1
780,2023-02-02 11:00:00,Monitor,503.8992719168425,4
781,2023-02-02 12:00:00,Laptop,621.9741769749379,4
782,2023-02-02 13:00:00,Monitor,705.440320838663,3
783,2023-02-02 14:00:00,Tastiera,564.0521966520449,4
784,2023-02-02 15:00:00,Tastiera,19.673138944991823,4
785,2023-02-02 16:00:00,Mouse,333.196695161552,2
786,2023-02-02 17:00:00,Laptop,522.5345269508643,2
787,2023-02-02 18:00:00,Monitor,96.98783415338502,3
788,2023-02-02 19:00:00,Tastiera,357.12066189708895,1
789,2023-02-02 20:00:00,Tastiera,42.8710777034529,2
790,2023-02-02 21:00:00,Monitor,87.79271218347054,1
791,2023-02-02 22:00:00,Mouse,402.9540434395801,4
792,2023-02-02 23:00:00,Tastiera,141.38859650262975,2
793,2023-02-03 00:00:00,Laptop,571.8654397789426,3
794,2023-02-03 01:00:00,Tastiera,692.5703194458931,3
795,2023-02-03 02:00:00,Laptop,802.580832117992,3
796,2023-02-03 03:00:00,Monitor,208.148741802362,2
797,2023-02-03 04:00:00,Laptop,175.80775643647905,1
798,2023-02-03 05:00:00,Monitor,113.52216193105625,4
799,2023-02-03 06:00:00,Laptop,640.0659470482003,1
800,2023-02-03 07:00:00,Monitor,709.4109692220321,1
801,2023-02-03 08:00:00,Laptop,41.27028337738562,4
802,2023-02-03 09:00:00,Mouse,936.8501237812529,4
803,2023-02-03 10:00:00,Laptop,61.451570814957684,2
804,2023-02-03 11:00:00,Laptop,545.8833719480598,2
805,2023-02-03 12:00:00,Mouse,711.9699142564073,2
806,2023-02-03 13:00:00,Tastiera,872.2594325086247,2
807,2023-02-03 14:00:00,Tastiera,716.9460628111035,2
808,2023-02-03 15:00:00,Laptop,803.7108022390939,4
809,2023-02-03 16:00:00,Mouse,346.055690617378,1
810,2023-02-03 17:00:00,Laptop,816.6768626090471,2
811,2023-02-03 18:00:00,Monitor,89.31369792082839,2
812,2023-02-03 19:00:00,Monitor,895.8684894999224,1
813,2023-02-03 20:00:00,Laptop,,2
814,2023-02-03 21:00:00,Tastiera,819.1247922628688,1
815,2023-02-03 22:00:00,Tastiera,457.79510167311713,1
816,2023-02-03 23:00:00,Laptop,647.1419182445597,4
817,2023-02-04 00:00:00,Laptop,531.138634326752,3
818,2023-02-04 01:00:00,Monitor,734.2736265377786,4
819,2023-02-04 02:00:00,Tastiera,90.81368221028369,3
820,2023-02-04 03:00:00,Laptop,69.74856315065816,3
821,2023-02-04 04:00:00,Monitor,254.632201670045,3
822,2023-02-04 05:00:00,Tastiera,167.94923331205646,2
823,2023-02-04 06:00:00,Mouse,873.0657309262797,4
824,2023-02-04 07:00:00,Monitor,227.02184748446388,3
825,2023-02-04 08:00:00,Tastiera,976.10660326094,1
826,2023-02-04 09:00:00,Tastiera,343.5268338533958,2
827,2023-02-04 10:00:00,Monitor,190.2967365318123,4
828,2023-02-04 11:00:00,Mouse,791.8015220710544,3
829,2023-02-04 12:00:00,Monitor,662.1206977458673,1
830,2023-02-04 13:00:00,Tastiera,503.2137592886076,4
831,2023-02-04 14:00:00,Laptop,559.809915428255,4
832,2023-02-04 15:00:00,Laptop,722.0097604895412,2
833,2023-02-04 16:00:00,Monitor,236.17019391798573,4
834,2023-02-04 17:00:00,Tastiera,996.3705768961745,2
835,2023-02-04 18:00:00,Laptop,975.0452305253153,3
836,2023-02-04 19:00:00,Tastiera,653.8224294834675,2
837,2023-02-04 20:00:00,Monitor,207.5470264198537,1
838,2023-02-04 21:00:00,Laptop,683.4259600069784,2
839,2023-02-04 22:00:00,Tastiera,81.47642488938409,1
840,2023-02-04 23:00:00,Laptop,40.345977183748005,2
841,2023-02-05 00:00:00,Monitor,,4
842,2023-02-05 01:00:00,Tastiera,467.99672717192317,3
843,2023-02-05 02:00:00,Laptop,869.5897803542967,1
844,2023-02-05 03:00:00,Monitor,729.8973790686449,2
845,2023-02-05 04:00:00,Laptop,745.2794559879812,2
846,2023-02-05 05:00:00,Laptop,431.2384011035946,2
847,2023-02-05 06:00:00,Mouse,352.4756426214933,4
848,2023-02-05 07:00:00,Mouse,,4
849,2023-02-05 08:00:00,Monitor,987.7730680986973,1
850,2023-02-05 09:00:00,Mouse,,1
851,2023-02-05 10:00:00,Monitor,868.3611811612241,4
852,2023-02-05 11:00:00,Mouse,582.8886544866695,1
853,2023-02-05 12:00:00,Laptop,444.22926499769454,-1
854,2023-02-05 13:00:00,Monitor,728.0050838109852,3
855,2023-02-05 14:00:00,Monitor,491.80225201045585,4
856,2023-02-05 15:00:00,Laptop,874.689005700844,1
857,2023-02-05 16:00:00,Monitor,901.6948453711459,-1
858,2023-02-05 17:00:00,Monitor,427.50371760472086,3
859,2023-02-05 18:00:00,Mouse,284.0595192627011,4
860,2023-02-05 19:00:00,Monitor,596.4268253074287,1
861,2023-02-05 20:00:00,Tastiera,913.239712160524,4
862,2023-02-05 21:00:00,Laptop,218.5555671156099,2
863,2023-02-05 22:00:00,Mouse,626.736917727848,3
864,2023-02-05 23:00:00,Mouse,635.2446178915953,4
865,2023-02-06 00:00:00,Tastiera,735.7818921911281,4
866,2023-02-06 01:00:00,Laptop,140.2520082759872,4
867,2023-02-06 02:00:00,Laptop,718.6667150352677,2
868,2023-02-06 03:00:00,Mouse,909.9421954589845,4
869,2023-02-06 04:00:00,Monitor,187.88627778153955,2
870,2023-02-06 05:00:00,Mouse,245.16789167463887,2
871,2023-02-06 06:00:00,Laptop,971.6811431012231,2
872,2023-02-06 07:00:00,Tastiera,189.16718318239487,3
873,2023-02-06 08:00:00,Mouse,855.8412424358834,3
874,2023-02-06 09:00:00,Laptop,497.35507788355443,4
875,2023-02-06 10:00:00,Mouse,,4
876,2023-02-06 11:00:00,Monitor,872.0424022597863,3
877,2023-02-06 12:00:00,Mouse,450.85220245263883,1
878,2023-02-06 13:00:00,Mouse,519.6691803903933,3
879,2023-02-06 14:00:00,Laptop,365.64103570576805,2
880,2023-02-06 15:00:00,Laptop,597.0213429205781,3
881,2023-02-06 16:00:00,Laptop,171.88863385917253,2
882,2023-02-06 17:00:00,Mouse,397.1707212852431,4
883,2023-02-06 18:00:00,Monitor,969.7181991119346,1
884,2023-02-06 19:00:00,Tastiera,265.55209837411627,4
885,2023-02-06 20:00:00,Tastiera,660.1692978958793,2
886,2023-02-06 21:00:00,Laptop,331.93816358244794,2
887,2023-02-06 22:00:00,Laptop,775.7383944297346,2
888,2023-02-06 23:00:00,Mouse,,1
889,2023-02-07 00:00:00,Tastiera,970.1228346277593,3
890,2023-02-07 01:00:00,Laptop,459.25164596980284,4
891,2023-02-07 02:00:00,Monitor,243.68995871299933,4
892,2023-02-07 03:00:00,Monitor,82.76177985671254,3
893,2023-02-07 04:00:00,Laptop,178.06032603666534,4
894,2023-02-07 05:00:00,Laptop,524.5762090704575,1
895,2023-02-07 06:00:00,Tastiera,343.63314466697346,4
896,2023-02-07 07:00:00,Tastiera,830.5945322237834,-1
897,2023-02-07 08:00:00,Mouse,436.57864842518785,3
898,2023-02-07 09:00:00,Tastiera,256.2271298617536,1
899,2023-02-07 10:00:00,Monitor,620.9735367379898,3
900,2023-02-07 11:00:00,Monitor,709.7094447165914,1
901,2023-02-07 12:00:00,Laptop,175.37148882194037,2
902,2023-02-07 13:00:00,Tastiera,175.94302412543448,3
903,2023-02-07 14:00:00,Mouse,,4
904,2023-02-07 15:00:00,Monitor,739.0379949149841,1
905,2023-02-07 16:00:00,Monitor,667.166482345587,3
906,2023-02-07 17:00:00,Mouse,,4
907,2023-02-07 18:00:00,Mouse,845.7287444795052,3
908,2023-02-07 19:00:00,Monitor,807.6134514205527,-1
909,2023-02-07 20:00:00,Monitor,589.5008207527846,3
910,2023-02-07 21:00:00,Mouse,869.5885677081261,1
911,2023-02-07 22:00:00,Monitor,213.78279793640056,4
912,2023-02-07 23:00:00,Laptop,120.8004232037506,2
913,2023-02-08 00:00:00,Laptop,277.0521154018197,1
914,2023-02-08 01:00:00,Mouse,66.5159875284217,1
915,2023-02-08 02:00:00,Tastiera,535.8578327210217,-1
916,2023-02-08 03:00:00,Mouse,937.2396353720119,2
917,2023-02-08 04:00:00,Mouse,,4
918,2023-02-08 05:00:00,Tastiera,130.88881486992653,4
919,2023-02-08 06:00:00,Tastiera,457.67703800060093,4
920,2023-02-08 07:00:00,Tastiera,934.5362673526258,3
921,2023-02-08 08:00:00,Laptop,322.994543926983,3
922,2023-02-08 09:00:00,Monitor,512.1624606015084,3
923,2023-02-08 10:00:00,Laptop,51.15713045988818,2
924,2023-02-08 11:00:00,Monitor,156.85976895246796,3
925,2023-02-08 12:00:00,Laptop,986.7638217292584,2
926,2023-02-08 13:00:00,Monitor,965.467509471685,4
927,2023-02-08 14:00:00,Laptop,14.89058112506552,3
928,2023-02-08 15:00:00,Tastiera,952.2936675690066,3
929,2023-02-08 16:00:00,Mouse,,1
930,2023-02-08 17:00:00,Laptop,869.2391115748219,2
931,2023-02-08 18:00:00,Monitor,460.1924570775205,4
932,2023-02-08 19:00:00,Tastiera,520.4400682934577,1
933,2023-02-08 20:00:00,Laptop,493.958114454351,-1
934,2023-02-08 21:00:00,Laptop,670.1956149706433,4
935,2023-02-08 22:00:00,Tastiera,148.25474220874978,1
936,2023-02-08 23:00:00,Laptop,39.67385397395117,2
937,2023-02-09 00:00:00,Mouse,314.850642175279,2
938,2023-02-09 01:00:00,Laptop,707.6339551092802,3
939,2023-02-09 02:00:00,Mouse,209.83491760171887,1
940,2023-02-09 03:00:00,Mouse,676.6981089916682,3
941,2023-02-09 04:00:00,Tastiera,970.2129256461977,1
942,2023-02-09 05:00:00,Laptop,102.9617086315242,2
943,2023-02-09 06:00:00,Tastiera,675.876097042875,2
944,2023-02-09 07:00:00,Laptop,,2
945,2023-02-09 08:00:00,Laptop,869.4608318337303,1
946,2023-02-09 09:00:00,Monitor,185.37829155291206,2
947,2023-02-09 10:00:00,Laptop,695.6996927039029,1
948,2023-02-09 11:00:00,Tastiera,839.7341367516291,3
949,2023-02-09 12:00:00,Mouse,945.168077279283,1
950,2023-02-09 13:00:00,Laptop,686.4155480067493,3
951,2023-02-09 14:00:00,Monitor,,1
952,2023-02-09 15:00:00,Tastiera,621.6687677992018,3
953,2023-02-09 16:00:00,Laptop,870.215934633931,2
954,2023-02-09 17:00:00,Tastiera,574.9036491724414,3
955,2023-02-09 18:00:00,Monitor,40.08318909986849,2
956,2023-02-09 19:00:00,Monitor,931.639208551908,2
957,2023-02-09 20:00:00,Tastiera,692.6314835212455,3
958,2023-02-09 21:00:00,Laptop,679.748251919474,1
959,2023-02-09 22:00:00,Mouse,223.51840087374,1
960,2023-02-09 23:00:00,Monitor,662.2966155303307,4
961,2023-02-10 00:00:00,Laptop,399.9257615976169,1
962,2023-02-10 01:00:00,Laptop,654.7206472710772,4
963,2023-02-10 02:00:00,Mouse,115.52710000491082,1
964,2023-02-10 03:00:00,Monitor,661.2668515570057,1
965,2023-02-10 04:00:00,Monitor,999.4195885129599,2
966,2023-02-10 05:00:00,Laptop,57.72991847195047,4
967,2023-02-10 06:00:00,Laptop,977.4024423791042,1
968,2023-02-10 07:00:00,Mouse,412.8388811156419,4
969,2023-02-10 08:00:00,Mouse,872.0459158338865,2
970,2023-02-10 09:00:00,Monitor,784.5616292176908,2
971,2023-02-10 10:00:00,Tastiera,571.3460983768011,4
972,2023-02-10 11:00:00,Monitor,741.0647171588132,2
973,2023-02-10 12:00:00,Laptop,879.7304056883344,3
974,2023-02-10 13:00:00,Monitor,410.09891843452266,3
975,2023-02-10 14:00:00,Tastiera,333.7628299476063,2
976,2023-02-10 15:00:00,Mouse,670.9174517079489,3
977,2023-02-10 16:00:00,Tastiera,809.767482521846,1
978,2023-02-10 17:00:00,Tastiera,,4
979,2023-02-10 18:00:00,Tastiera,799.8355123700481,1
980,2023-02-10 19:00:00,Mouse,441.2274816648037,4
981,2023-02-10 20:00:00,Tastiera,819.6558740132714,2
982,2023-02-10 21:00:00,Tastiera,129.00696481690235,1
983,2023-02-10 22:00:00,Tastiera,549.044206981241,2
984,2023-02-10 23:00:00,Laptop,15.701073893140354,-1
985,2023-02-11 00:00:00,Tastiera,331.33997160126756,4
986,2023-02-11 01:00:00,Mouse,372.7969195226839,4
987,2023-02-11 02:00:00,Tastiera,,4
988,2023-02-11 03:00:00,Tastiera,698.5125346229636,1
989,2023-02-11 04:00:00,Mouse,394.6725202576423,3
990,2023-02-11 05:00:00,Tastiera,454.2066863963054,4
991,2023-02-11 06:00:00,Mouse,,4
992,2023-02-11 07:00:00,Tastiera,379.5192737130467,1
993,2023-02-11 08:00:00,Mouse,234.99693099051996,4
994,2023-02-11 09:00:00,Tastiera,82.4639645307592,1
995,2023-02-11 10:00:00,Tastiera,607.4141074475641,2
996,2023-02-11 11:00:00,Laptop,671.5306705694661,4
997,2023-02-11 12:00:00,Laptop,623.2954425495184,4
998,2023-02-11 13:00:00,Tastiera,468.85910336256666,2
999,2023-02-11 14:00:00,Tastiera,385.98792237743754,2
1000,2023-02-11 15:00:00,Monitor,864.700313076107,2
